Київ,
Севастополь,
Одеська область,
Дніпропетровська область,
Чернігівська область,
Харківська область,
Житомирська область,
Полтавська область,
Херсонська область,
Київська область,
Запорізька область,
Луганська область,
Донецька область,
Вінницька область,
Республіка Крим,
Миколаївська область,
Кіровоградська область,
Сумська область,
Львівська область,
Черкаська область,
Хмельницька область,
Волинська область,
Рівненська область,
Франківська область,
Тернопільська область,
Закарпатська область,
Чернівецька область
